<?xml version='1.0' encoding='UTF-8'?>
<faces-config version="2.2"
              xmlns="http://xmlns.jcp.org/xml/ns/javaee"
              xmlns:xsi="http://www.w3.org/2001/XMLSchema-instance"
              xsi:schemaLocation="http://xmlns.jcp.org/xml/ns/javaee http://xmlns.jcp.org/xml/ns/javaee/web-facesconfig_2_2.xsd">
    <navigation-rule>
        <from-view-id>/navigation/question.xhtml</from-view-id>
        <navigation-case>
            <from-outcome>yes</from-outcome>
            <to-view-id>/navigation/good.xhtml</to-view-id>
        </navigation-case>
        <navigation-case>
            <from-outcome>no</from-outcome>
            <to-view-id>/navigation/morecats.xhtml</to-view-id>
        </navigation-case>
    </navigation-rule>
    <navigation-rule>
        <from-view-id>/navigation/morecats.xhtml</from-view-id>
        <navigation-case>
            <from-outcome>ok</from-outcome>
            <to-view-id>/navigation/question.xhtml</to-view-id>
        </navigation-case>
    </navigation-rule>
    
    
    <navigation-rule>
        <from-view-id>/backing/question.xhtml</from-view-id>
        <navigation-case>
            <from-outcome>morecats</from-outcome>
            <to-view-id>/backing/morecats.xhtml</to-view-id>
            <redirect/>
        </navigation-case>
        <navigation-case>
            <from-outcome>newgown</from-outcome>
            <to-view-id>/backing/newgown.xhtml</to-view-id>
            <redirect/>
        </navigation-case>
    </navigation-rule>
</faces-config>
